<?xml version="1.0" encoding="UTF-8"?>
<!-- 被2011 rel. 2 sp1 (seven) 使用XMLSpy vIBM编辑的 (http://www.altova.com) by -->
<!--bFilpx: 资源图片水平位置朝向问题，0为不用反转。1要反转。
animation: actTypeId 为1 为 待机， 2 为 移动，3为 attack 1,4 为attack2 ，5为 attack3 。后面的自定义。-->
<!--
         记录碰撞矩形个数
         rectId: 碰撞矩形编号   boneName:该矩形以哪块骨骼的中心摆布  conW:该矩形的宽      conH:该矩形的高       offX: 该矩形的偏移x      offY:该矩形的偏移y
         要求：rectId从1开始，且边续
-->
<Config>
	<mons id="100001" name="独眼怪1" monsType="1" icon="icon100001" intro="0" size="1" movieSpeed="1" resName="duyanguai" armName="duyanguai" bFilpx="0" bDrawBox="1" fBoxScX="0.707" fBoxScY="0.707" bBoxOffX="0" bBoxOffY="0" skill1="0" skill2="0" skill3="0">
		<animation actTypeId="2" aniName="duyanguai_move" nextAniNm="duyanguai_move"/>
	</mons>
	<mons id="100002" name="独眼怪2" monsType="1" icon="icon100002" intro="0" size="1" movieSpeed="1" resName="Duyanguai2" armName="Duyanguai2" bFilpx="0" bDrawBox="1" fBoxScX="0.707" fBoxScY="0.707" bBoxOffX="0" bBoxOffY="0" skill1="0" skill2="0" skill3="0">
		<animation actTypeId="2" aniName="Duyanguai2_move" nextAniNm="Duyanguai2_move"/>
	</mons>
	<mons id="100003" name="独眼怪3" monsType="1" icon="icon100003" intro="0" size="0.8" movieSpeed="1" resName="Duyanguai3" armName="Duyanguai3_move" bFilpx="0" bDrawBox="1" fBoxScX="0.707" fBoxScY="0.707" bBoxOffX="0" bBoxOffY="0" skill1="0" skill2="0" skill3="0">
		<animation actTypeId="2" aniName="Duyanguai3_move" nextAniNm="Duyanguai3_move"/>
	</mons>
	<mons id="100004" name="小鸟" monsType="1" icon="icon100004" intro="0" size="1.2" movieSpeed="1" resName="S-bird" armName="S_bird" bFilpx="0" bDrawBox="1" fBoxScX="0.707" fBoxScY="0.707" bBoxOffX="0" bBoxOffY="0" skill1="0" skill2="0" skill3="0">
		<animation actTypeId="2" aniName="S-bird_move" nextAniNm="S-bird_move"/>
	</mons>
	<mons id="100005" name="小蜜蜂" monsType="1" icon="icon100005" intro="0" size="1" movieSpeed="1" resName="Bee" armName="Bee" bFilpx="0" bDrawBox="1" fBoxScX="0.707" fBoxScY="0.707" bBoxOffX="0" bBoxOffY="0" skill1="0" skill2="0" skill3="0">
		<animation actTypeId="2" aniName="Bee_move" nextAniNm="Bee_move"/>
	</mons>
	<mons id="100006" name="树人" monsType="2" icon="icon100006" intro="0" size="1.45" movieSpeed="1" resName="Treeman" armName="Treeman" bFilpx="1" bDrawBox="1" fBoxScX="0.577" fBoxScY="0.577" bBoxOffX="0" bBoxOffY="0" skill1="0" skill2="0" skill3="0">
		<animation actTypeId="2" aniName="Treeman_move" nextAniNm="Treeman_move"/>
		<animation actTypeId="3" aniName="Treeman_attack" nextAniNm="Treeman_move"/>
		<collision rectId="1" boneName="Treeman_body" conW="1" conH="1.2" offX="0" offY="0"/>
		<collision rectId="2" boneName="Treeman_arm_b2" conW="0.5" conH="0.5" offX="0" offY="0"/>
		<collision rectId="3" boneName="Treeman_arm_a2" conW="0.5" conH="0.5" offX="0" offY="0"/>
	</mons>
	<mons id="100007" name="长藤蔓" monsType="2" icon="icon100007" intro="0" size="1" movieSpeed="1" resName="S-bird" armName="S_bird" bFilpx="0" bDrawBox="1" fBoxScX="1" fBoxScY="1" bBoxOffX="0" bBoxOffY="0" skill1="0" skill2="0" skill3="0">
		<animation actTypeId="2" aniName="S-bird_move" nextAniNm="S-bird_move"/>
	</mons>
	<mons id="100008" name="食人花" monsType="2" icon="icon100008" intro="0" size="1.45" movieSpeed="1" resName="shirenhua" armName="shirenhua" bFilpx="0" bDrawBox="1" fBoxScX="0.577" fBoxScY="0.577" bBoxOffX="0" bBoxOffY="0" skill1="0" skill2="0" skill3="0">
		<animation actTypeId="1" aniName="shirenhua_hold" nextAniNm="shirenhua_hold"/>
		<animation actTypeId="3" aniName="shirenhua_attack" nextAniNm="shirenhua_hold"/>
		<collision rectId="1" boneName="shirenhua_yezi_1" conW="1.5" conH="1.5" offX="0" offY="20"/>
		<collision rectId="2" boneName="shirenhua_zuiba_1" conW="1.2" conH="1.2" offX="0" offY="0"/>
	</mons>
	<mons id="100009" name="漂浮巨石" monsType="3" icon="icon100009" intro="0" size="0.8" movieSpeed="1" resName="scAFloatStn" armName="-1" bFilpx="0" bDrawBox="1" fBoxScX="0.707" fBoxScY="0.707" bBoxOffX="0" bBoxOffY="0" skill1="0" skill2="0" skill3="0">
		<animation actTypeId="2" aniName="scAFloatStn" nextAniNm="scAFloatStn"/>
	</mons>
	<mons id="100010" name="哥布林飞机" monsType="3" icon="icon100010" intro="0" size="0.7" movieSpeed="1" resName="scABatPlane" armName="-1" bFilpx="0" bDrawBox="1" fBoxScX="0.707" fBoxScY="0.707" bBoxOffX="0" bBoxOffY="0" skill1="0" skill2="0" skill3="0">
		<animation actTypeId="1" aniName="mon_scA_batPlane" nextAniNm="mon_scA_batPlane"/>
	</mons>
	<mons id="100011" name="小恐龙" monsType="3" icon="icon100011" intro="0" size="1" movieSpeed="1" resName="S_rex" armName="Srex" bFilpx="1" bDrawBox="1" fBoxScX="1" fBoxScY="1" bBoxOffX="0" bBoxOffY="0" skill1="0" skill2="0" skill3="0">
		<animation actTypeId="1" aniName="S-rex_hold" nextAniNm="S-rex_hold"/>
		<animation actTypeId="2" aniName="S-rex_move" nextAniNm="S-rex_hold"/>
		<animation actTypeId="3" aniName="S-rex_attack" nextAniNm="S-rex_hold"/>
	</mons>
	<mons id="100012" name="小蝙蝠" monsType="1" icon="icon100012" intro="0" size="1" movieSpeed="1" resName="Bat" armName="Bat" bFilpx="0" bDrawBox="1" fBoxScX="1" fBoxScY="1" bBoxOffX="0" bBoxOffY="0" skill1="0" skill2="0" skill3="0">
		<animation actTypeId="2" aniName="Bat" nextAniNm="Bat"/>
	</mons>
	<mons id="100013" name="鬼火1" monsType="1" icon="icon100013" intro="0" size="1" movieSpeed="1" resName="guihuo1" armName="guihuo1" bFilpx="0" bDrawBox="1" fBoxScX="1" fBoxScY="1" bBoxOffX="0" bBoxOffY="0" skill1="0" skill2="0" skill3="0">
		<animation actTypeId="2" aniName="guihuo1_move" nextAniNm="guihuo1_move"/>
	</mons>
	<mons id="100014" name="小飞龙1" monsType="1" icon="icon100014" intro="0" size="1" movieSpeed="1" resName="xiaofeilong" armName="xiaofeilong" bFilpx="1" bDrawBox="1" fBoxScX="1" fBoxScY="1" bBoxOffX="0" bBoxOffY="0" skill1="0" skill2="0" skill3="0">
		<animation actTypeId="2" aniName="xiaofeilong_move" nextAniNm="xiaofeilong_move"/>
	</mons>
	<mons id="100015" name="落石" monsType="2" icon="icon100015" intro="0" size="1" movieSpeed="1" resName="S-bird" armName="S_bird" bFilpx="0" bDrawBox="1" fBoxScX="1" fBoxScY="1" bBoxOffX="0" bBoxOffY="0" skill1="0" skill2="0" skill3="0">
		<animation actTypeId="2" aniName="S-bird_move" nextAniNm="S-bird_move"/>
	</mons>
	<mons id="100016" name="哥布林矿工" monsType="2" icon="icon100016" intro="0" size="1" movieSpeed="1" resName="gebulin" armName="GBLKG" bFilpx="0" bDrawBox="1" fBoxScX="1" fBoxScY="1" bBoxOffX="0" bBoxOffY="0" skill1="0" skill2="0" skill3="0">
		<animation actTypeId="1" aniName="gebulin_hold" nextAniNm="gebulin_hold"/>
		<animation actTypeId="2" aniName="gebulin_moved" nextAniNm="gebulin_hold"/>
	</mons>
	<mons id="100017" name="恶魔水晶" monsType="2" icon="icon100017" intro="0" size="1" movieSpeed="1" resName="S-bird" armName="S_bird" bFilpx="0" bDrawBox="1" fBoxScX="1" fBoxScY="1" bBoxOffX="0" bBoxOffY="0" skill1="0" skill2="0" skill3="0">
		<animation actTypeId="2" aniName="S-bird_move" nextAniNm="S-bird_move"/>
	</mons>
	<mons id="100018" name="大蜈蚣" monsType="3" icon="icon100018" intro="0" size="1" movieSpeed="1" resName="wugong" armName="wugong_sprite/wugong_move" bFilpx="0" bDrawBox="1" fBoxScX="1" fBoxScY="1" bBoxOffX="0" bBoxOffY="0" skill1="0" skill2="0" skill3="0">
		<animation actTypeId="2" aniName="wugong_move" nextAniNm="wugong_move"/>
	</mons>
	<mons id="100019" name="女巫" monsType="3" icon="icon100019" intro="0" size="1" movieSpeed="1" resName="nvwu" armName="nvwu_move" bFilpx="0" bDrawBox="1" fBoxScX="1" fBoxScY="1" bBoxOffX="0" bBoxOffY="0" skill1="0" skill2="0" skill3="0">
		<animation actTypeId="2" aniName="nvwu_move" nextAniNm="nvwu_move"/>
	</mons>
	<mons id="100020" name="幽灵" monsType="3" icon="icon100020" intro="0" size="1" movieSpeed="1" resName="youling" armName="youling" bFilpx="0" bDrawBox="1" fBoxScX="1" fBoxScY="1" bBoxOffX="0" bBoxOffY="0" skill1="0" skill2="0" skill3="0">
		<animation actTypeId="1" aniName="youling_hold" nextAniNm="youling_hold"/>
        <animation actTypeId="3" aniName="youling_attack" nextAniNm="youling_hold"/>
	</mons>
	<mons id="100021" name="鬼火2" monsType="1" icon="icon100021" intro="0" size="1" movieSpeed="1" resName="guihuo2" armName="guihuo2" bFilpx="0" bDrawBox="1" fBoxScX="1" fBoxScY="1" bBoxOffX="0" bBoxOffY="0" skill1="0" skill2="0" skill3="0">
		<animation actTypeId="2" aniName="guihuo2_move" nextAniNm="guihuo2_move"/>
	</mons>
	<mons id="100022" name="小龙卷风" monsType="1" icon="icon100022" intro="0" size="1" movieSpeed="1" resName="XLJF" armName="XLJF" bFilpx="0" bDrawBox="1" fBoxScX="1" fBoxScY="1" bBoxOffX="0" bBoxOffY="0" skill1="0" skill2="0" skill3="0">
		<animation actTypeId="2" aniName="XLJF" nextAniNm="XLJF"/>
	</mons>
	<mons id="100023" name="秃鹰" monsType="1" icon="icon100023" intro="0" size="1" movieSpeed="1" resName="tuying" armName="tuying_hold" bFilpx="0" bDrawBox="1" fBoxScX="1" fBoxScY="1" bBoxOffX="0" bBoxOffY="0" skill1="0" skill2="0" skill3="0">
		<animation actTypeId="1" aniName="tuying_hold" nextAniNm="tuying_hold"/>
	</mons>
	<mons id="100024" name="仙人球" monsType="1" icon="icon100024" intro="0" size="1" movieSpeed="1" resName="xianrenqiu" armName="xianrenqiu" bFilpx="0" bDrawBox="1" fBoxScX="1" fBoxScY="1" bBoxOffX="0" bBoxOffY="0" skill1="0" skill2="0" skill3="0">
		<animation actTypeId="2" aniName="xianrenqiu" nextAniNm="xianrenqiu"/>
	</mons>
	<mons id="100025" name="沙漠飞鱼" monsType="2" icon="icon100025" intro="0" size="1" movieSpeed="1" resName="S-bird" armName="S_bird" bFilpx="0" bDrawBox="1" fBoxScX="1" fBoxScY="1" bBoxOffX="0" bBoxOffY="0" skill1="0" skill2="0" skill3="0">
		<animation actTypeId="2" aniName="S-bird_move" nextAniNm="S-bird_move"/>
	</mons>
	<mons id="100026" name="蜥蜴兵" monsType="2" icon="icon100026" intro="0" size="1" movieSpeed="1" resName="XYB1" armName="XYB_sprite/XYB" bFilpx="0" bDrawBox="1" fBoxScX="1" fBoxScY="1" bBoxOffX="0" bBoxOffY="0" skill1="0" skill2="0" skill3="0">
		<animation actTypeId="1" aniName="XYB_hold" nextAniNm="XYB_hold"/>
        <animation actTypeId="2" aniName="XYB_move" nextAniNm="XYB_hold"/>
        <animation actTypeId="3" aniName="XYB_attack" nextAniNm="XYB_hold"/>
	</mons>
	<mons id="100027" name="蝎子" monsType="2" icon="icon100027" intro="0" size="1" movieSpeed="1" resName="Xiezi" armName="Xiezi_sprite/Xiezi" bFilpx="0" bDrawBox="1" fBoxScX="1" fBoxScY="1" bBoxOffX="0" bBoxOffY="0" skill1="0" skill2="0" skill3="0">
		<animation actTypeId="1" aniName="Xiezi_hold" nextAniNm="Xiezi_hold"/>
        <animation actTypeId="2" aniName="Xiezi_move" nextAniNm="Xiezi_hold"/>
        <animation actTypeId="3" aniName="Xiezi_attack" nextAniNm="Xiezi_hold"/>
	</mons>
	<mons id="100028" name="拳击手仙人掌" monsType="3" icon="icon100028" intro="0" size="1" movieSpeed="1" resName="xianrenzhang" armName="xianrenzhang" bFilpx="0" bDrawBox="1" fBoxScX="1" fBoxScY="1" bBoxOffX="0" bBoxOffY="0" skill1="0" skill2="0" skill3="0">
		<animation actTypeId="1" aniName="xianrenzhang_hold" nextAniNm="xianrenzhang_hold"/>
        <animation actTypeId="3" aniName="xianrenzhang_attack" nextAniNm="xianrenzhang_hold"/>
	</mons>
	<mons id="100029" name="飞行圣甲虫" monsType="3" icon="icon100029" intro="0" size="1" movieSpeed="1" resName="jiachon" armName="jiachon_move" bFilpx="0" bDrawBox="1" fBoxScX="1" fBoxScY="1" bBoxOffX="0" bBoxOffY="0" skill1="0" skill2="0" skill3="0">
		<animation actTypeId="2" aniName="jiachon_move" nextAniNm="jiachon_move"/>
	</mons>
	<mons id="100030" name="小火把" monsType="3" icon="icon100030" intro="0" size="1" movieSpeed="1" resName="S-bird" armName="S_bird" bFilpx="0" bDrawBox="1" fBoxScX="1" fBoxScY="1" bBoxOffX="0" bBoxOffY="0" skill1="0" skill2="0" skill3="0">
		<animation actTypeId="2" aniName="S-bird_move" nextAniNm="S-bird_move"/>
	</mons>
	<mons id="100031" name="飞虫" monsType="1" icon="icon100031" intro="0" size="1" movieSpeed="1" resName="Flybug" armName="Flybug_move" bFilpx="0" bDrawBox="1" fBoxScX="1" fBoxScY="1" bBoxOffX="0" bBoxOffY="0" skill1="0" skill2="0" skill3="0">
		<animation actTypeId="2" aniName="Flybug_move" nextAniNm="Flybug_move"/>
	</mons>
	<mons id="100032" name="飞行石像" monsType="1" icon="icon100032" intro="0" size="1" movieSpeed="1" resName="S-bird" armName="S_bird" bFilpx="0" bDrawBox="1" fBoxScX="1" fBoxScY="1" bBoxOffX="0" bBoxOffY="0" skill1="0" skill2="0" skill3="0">
		<animation actTypeId="2" aniName="S-bird_move" nextAniNm="S-bird_move"/>
	</mons>
	<mons id="100033" name="老鼠" monsType="2" icon="icon100033" intro="0" size="1" movieSpeed="1" resName="Mouse" armName="Mouse" bFilpx="0" bDrawBox="1" fBoxScX="1" fBoxScY="1" bBoxOffX="0" bBoxOffY="0" skill1="0" skill2="0" skill3="0">
		<animation actTypeId="2" aniName="Mouse_move" nextAniNm="Mouse_move"/>
        <animation actTypeId="3" aniName="Mouse_attack" nextAniNm="Mouse_move"/>
	</mons>
	<mons id="100034" name="蜘蛛" monsType="2" icon="icon100034" intro="0" size="1" movieSpeed="1" resName="Spider" armName="Spider_sprite/Spider" bFilpx="0" bDrawBox="1" fBoxScX="1" fBoxScY="1" bBoxOffX="0" bBoxOffY="0" skill1="0" skill2="0" skill3="0">
		<animation actTypeId="2" aniName="Spider_move" nextAniNm="Spider_move"/>
		<animation actTypeId="3" aniName="Spider_move" nextAniNm="Spider_attack"/>
	</mons>
	<mons id="100035" name="骷髅弓箭手" monsType="3" icon="icon100035" intro="0" size="1" movieSpeed="1" resName="GT" armName="GT" bFilpx="0" bDrawBox="1" fBoxScX="1" fBoxScY="1" bBoxOffX="0" bBoxOffY="0" skill1="0" skill2="0" skill3="0">
		<animation actTypeId="1" aniName="GT_hold" nextAniNm="GT_hold"/>
        <animation actTypeId="3" aniName="GT_attack" nextAniNm="GT_hold"/>
	</mons>
	<mons id="100036" name="邪恶博士" monsType="3" icon="icon100036" intro="0" size="1" movieSpeed="1" resName="DRevil_hold" armName="DRevil" bFilpx="0" bDrawBox="1" fBoxScX="1" fBoxScY="1" bBoxOffX="0" bBoxOffY="0" skill1="0" skill2="0" skill3="0">
		<animation actTypeId="1" aniName="DR.evil_hold" nextAniNm="DR.evil_hold"/>
        <animation actTypeId="2" aniName="DRevil_move" nextAniNm="DR.evil_hold"/>
        <animation actTypeId="3" aniName="DR.evil_attack" nextAniNm="DR.evil_hold"/>
	</mons>
	<mons id="100037" name="小女巫" monsType="3" icon="icon100037" intro="0" size="1" movieSpeed="1" resName="S-bird" armName="S_bird" bFilpx="0" bDrawBox="1" fBoxScX="1" fBoxScY="1" bBoxOffX="0" bBoxOffY="0" skill1="0" skill2="0" skill3="0">
		<animation actTypeId="2" aniName="S-bird_move" nextAniNm="S-bird_move"/>
	</mons>
	<mons id="100038" name="小飞龙2" monsType="1" icon="icon100038" intro="0" size="1" movieSpeed="1" resName="S-bird" armName="S_bird" bFilpx="0" bDrawBox="1" fBoxScX="1" fBoxScY="1" bBoxOffX="0" bBoxOffY="0" skill1="0" skill2="0" skill3="0">
		<animation actTypeId="2" aniName="S-bird_move" nextAniNm="S-bird_move"/>
	</mons>
	<mons id="200001" name="哥布林直升机" monsType="4" icon="icon200001" intro="0" size="1" movieSpeed="1" resName="scAAirPlane" armName="-1" bFilpx="0" bDrawBox="1" fBoxScX="1" fBoxScY="1" bBoxOffX="0" bBoxOffY="0" skill1="0" skill2="0" skill3="0">
		<animation actTypeId="2" aniName="mon_scA_airPlane" nextAniNm="mon_scA_airPlane"/>
	</mons>
	<mons id="200002" name="巨型食人花" monsType="4" icon="icon200002" intro="0" size="1.25" movieSpeed="1" resName="Largeflower" armName="Largeflower" bFilpx="1" bDrawBox="1" fBoxScX="0.577" fBoxScY="0.577" bBoxOffX="0" bBoxOffY="0" skill1="0" skill2="0" skill3="0">
		<animation actTypeId="1" aniName="Largeflower_hold" nextAniNm="Largeflower_hold"/>
		<animation actTypeId="2" aniName="Largeflower_move" nextAniNm="Largeflower_hold"/>
		<animation actTypeId="3" aniName="Largeflower_attack" nextAniNm="Largeflower_hold"/>
		<collision rectId="1" boneName="Largeflower_head" conW="0.9" conH="0.9" offX="0" offY="0"/>
		<collision rectId="2" boneName="Largeflower_body_b1" conW="1" conH="1" offX="0" offY="0"/>
	</mons>
	<mons id="200003" name="哥布林火箭筒兵" monsType="4" icon="icon200003" intro="0" size="1" movieSpeed="1" resName="huojiantongbing" armName="huojiantongbing" bFilpx="0" bDrawBox="1" fBoxScX="1" fBoxScY="1" bBoxOffX="0" bBoxOffY="0" skill1="0" skill2="0" skill3="0">
		<animation actTypeId="1" aniName="huojiantongbing_hold" nextAniNm="huojiantongbing_hold"/>
		<animation actTypeId="2" aniName="huojiantongbing_move" nextAniNm="huojiantongbing_hold"/>
		<animation actTypeId="3" aniName="huojiantongbing_attack" nextAniNm="huojiantongbing_hold"/>
	</mons>
	<mons id="200004" name="藤蔓球" monsType="4" icon="icon200004" intro="0" size="1" movieSpeed="1" resName="TMG" armName="TMG" bFilpx="1" bDrawBox="1" fBoxScX="1" fBoxScY="1" bBoxOffX="0" bBoxOffY="0" skill1="0" skill2="0" skill3="0">
		<animation actTypeId="1" aniName="TMG_hold" nextAniNm="TMG_hold"/>
		<animation actTypeId="2" aniName="TMG_move" nextAniNm="TMG_hold"/>
		<animation actTypeId="3" aniName="TMG_attack" nextAniNm="TMG_hold"/>
	</mons>
	<mons id="200005" name="飞行石魔" monsType="4" icon="icon200005" intro="0" size="1" movieSpeed="1" resName="flystone" armName="flystone" bFilpx="1" bDrawBox="1" fBoxScX="1" fBoxScY="1" bBoxOffX="0" bBoxOffY="0" skill1="0" skill2="0" skill3="0">
		<animation actTypeId="1" aniName="flystone_hold" nextAniNm="flystone_hold"/>
		<animation actTypeId="2" aniName="flystone_move" nextAniNm="flystone_move"/>
		<animation actTypeId="3" aniName="flystone_attack" nextAniNm="flystone_hold"/>
	</mons>
	<mons id="200006" name="独眼巨人" monsType="4" icon="icon200006" intro="0" size="1" movieSpeed="1" resName="DYjuren" armName="DYjuren_sprite/DYjuren" bFilpx="0" bDrawBox="1" fBoxScX="1" fBoxScY="1" bBoxOffX="0" bBoxOffY="0" skill1="0" skill2="0" skill3="0">
		<animation actTypeId="1" aniName="DYjuren_hold" nextAniNm="DYjuren_hold"/>
		<animation actTypeId="2" aniName="DYjuren_move" nextAniNm="DYjuren_hold"/>
		<animation actTypeId="3" aniName="DYjuren_attack1" nextAniNm="DYjuren_hold"/>
		<animation actTypeId="4" aniName="DYjuren_attack2" nextAniNm="DYjuren_hold"/>
	</mons>
	<mons id="200007" name="巨型蜘蛛" monsType="4" icon="icon200007" intro="0" size="1" movieSpeed="1" resName="Big_Spider" armName="Big_spider_hold" bFilpx="1" bDrawBox="1" fBoxScX="1" fBoxScY="1" bBoxOffX="0" bBoxOffY="0" skill1="0" skill2="0" skill3="0">
		<animation actTypeId="1" aniName="Big_spider_hold" nextAniNm="Big_spider_hold"/>
		<animation actTypeId="2" aniName="Big_spider_move" nextAniNm="Big_spider_move"/>
		<animation actTypeId="3" aniName="Big_spider_attack1" nextAniNm="Big_spider_hold"/>
		<animation actTypeId="4" aniName="Big_spider_attack_2" nextAniNm="Big_spider_hold"/>
		<animation actTypeId="5" aniName="Big_spider_attack_3" nextAniNm="Big_spider_hold"/>
	</mons>
	<mons id="200008" name="巨型蝙蝠" monsType="4" icon="icon200008" intro="0" size="1" movieSpeed="1" resName="BigBat1" armName="Bigbat" bFilpx="0" bDrawBox="1" fBoxScX="1" fBoxScY="1" bBoxOffX="0" bBoxOffY="0" skill1="0" skill2="0" skill3="0">
		<animation actTypeId="1" aniName="hold" nextAniNm="hold"/>
        <animation actTypeId="2" aniName="move" nextAniNm="hold"/>
        <animation actTypeId="3" aniName="attack" nextAniNm="hold"/>
	</mons>
	<mons id="200009" name="木乃伊" monsType="4" icon="icon200009" intro="0" size="1" movieSpeed="1" resName="Munaiyi" armName="Munaiyi_sprite/Munaiy" bFilpx="0" bDrawBox="1" fBoxScX="1" fBoxScY="1" bBoxOffX="0" bBoxOffY="0" skill1="0" skill2="0" skill3="0">
		<animation actTypeId="1" aniName="Munaiyi_hold" nextAniNm="Munaiyi_hold"/>
        <animation actTypeId="2" aniName="Munaiyi_move" nextAniNm="Munaiyi_hold"/>
        <animation actTypeId="3" aniName="Munaiyi_attack" nextAniNm="Munaiyi_hold"/>
	</mons>
	<mons id="200010" name="沙漠龙卷风" monsType="4" icon="icon200010" intro="0" size="1" movieSpeed="1" resName="LJF" armName="LJF" bFilpx="0" bDrawBox="1" fBoxScX="1" fBoxScY="1" bBoxOffX="0" bBoxOffY="0" skill1="0" skill2="0" skill3="0">
		<animation actTypeId="1" aniName="LJF_hold" nextAniNm="LJF_hold"/>
        <animation actTypeId="3" aniName="LJF_attack" nextAniNm="LJF_hold"/>
	</mons>
	<mons id="200011" name="眼镜王蛇" monsType="4" icon="icon200011" intro="0" size="1" movieSpeed="1" resName="YJS" armName="YJS_sprite/YJS" bFilpx="0" bDrawBox="1" fBoxScX="1" fBoxScY="1" bBoxOffX="0" bBoxOffY="0" skill1="0" skill2="0" skill3="0">
		<animation actTypeId="1" aniName="YJS_hold" nextAniNm="YJS_hold"/>
        <animation actTypeId="3" aniName="YJS_attack" nextAniNm="YJS_hold"/>
	</mons>
	<mons id="200012" name="飞行骷髅战斗" monsType="4" icon="icon200012" intro="0" size="1" movieSpeed="1" resName="FlyGL" armName="FlyGL" bFilpx="0" bDrawBox="1" fBoxScX="1" fBoxScY="1" bBoxOffX="0" bBoxOffY="0" skill1="0" skill2="0" skill3="0">
		<animation actTypeId="1" aniName="GT_fight_hold" nextAniNm="GT_fight_hold"/>
        <animation actTypeId="3" aniName="GT_fight_attack" nextAniNm="GT_fight_hold"/>
	</mons>
	<mons id="200013" name="骷髅弓箭手首领" monsType="4" icon="icon200013" intro="0" size="1" movieSpeed="1" resName="GLJS_SL" armName="GLJS_SL" bFilpx="0" bDrawBox="1" fBoxScX="1" fBoxScY="1" bBoxOffX="0" bBoxOffY="0" skill1="0" skill2="0" skill3="0">
		<animation actTypeId="1" aniName="GT-head_hold" nextAniNm="GT-head_hold"/>
        <animation actTypeId="3" aniName="GT-head_attack" nextAniNm="GT-head_hold"/>
	</mons>
	<mons id="200014" name="毒龙" monsType="4" icon="icon200014" intro="0" size="1" movieSpeed="1" resName="PTdragon" armName="PTdragon_sprite/PTdragon" bFilpx="0" bDrawBox="1" fBoxScX="1" fBoxScY="1" bBoxOffX="0" bBoxOffY="0" skill1="0" skill2="0" skill3="0">
		<animation actTypeId="1" aniName="PTdragon_hold" nextAniNm="PTdragon_hold"/>
        <animation actTypeId="3" aniName="PTdragon_attack" nextAniNm="PTdragon_hold"/>
	</mons>
	<mons id="300001" name="巨型伐木机" monsType="5" icon="icon300001" intro="0" size="1" movieSpeed="1" resName="juxingfamuji" armName="juxingfamuji" bFilpx="0" bDrawBox="1" fBoxScX="1" fBoxScY="1" bBoxOffX="0" bBoxOffY="0" skill1="0" skill2="0" skill3="0">
		<animation actTypeId="1" aniName="juxingfamuji_hold" nextAniNm="juxingfamuji_hold"/>
		<animation actTypeId="2" aniName="juxingfamuji_move" nextAniNm="juxingfamuji_hold"/>
		<animation actTypeId="3" aniName="juxingfamuji_attack1" nextAniNm="juxingfamuji_hold"/>
		<animation actTypeId="4" aniName="juxingfamuji_attack2" nextAniNm="juxingfamuji_hold"/>
		<collision rectId="1" boneName="juxinffamuji_Rand_a2" conW="1" conH="1" offX="0" offY="0"/>
		<collision rectId="2" boneName="juxingfamuji_Rand_b2" conW="1" conH="1" offX="0" offY="0"/>
		<collision rectId="3" boneName="juxingfamuji_Rbody_a" conW="1" conH="1" offX="0" offY="0"/>
		<collision rectId="4" boneName="juxingfamuji_Rleg_b3" conW="1" conH="1" offX="0" offY="0"/>
		<collision rectId="5" boneName="juxingfamuji_Rleg_a3" conW="1" conH="1" offX="0" offY="0"/>
		<collision rectId="6" boneName="juxingfamuji_head" conW="1" conH="1" offX="0" offY="0"/>
		<collision rectId="7" boneName="juxingfamuji_box" conW="1" conH="1" offX="0" offY="0"/>
	</mons>
	<mons id="300002" name="巨型树妖" monsType="5" icon="icon300002" intro="0" size="1.05" movieSpeed="1" resName="GiantTree" armName="GiantTree" bFilpx="1" bDrawBox="1" fBoxScX="0.95" fBoxScY="0.95" bBoxOffX="0" bBoxOffY="0" skill1="0" skill2="0" skill3="0">
		<animation actTypeId="1" aniName="hold" nextAniNm="hold"/>
		<animation actTypeId="2" aniName="GoantTree_move" nextAniNm="hold"/>
		<animation actTypeId="3" aniName="attack_1" nextAniNm="hold"/>
		<animation actTypeId="4" aniName="GiantTree_attack_2" nextAniNm="hold"/>
		<animation actTypeId="5" aniName="GiantTree_attack_3" nextAniNm="hold"/>
		<collision rectId="1" boneName="GiantTree_face_b" conW="1.8" conH="2" offX="-100" offY="0"/>
		<collision rectId="2" boneName="GiantTree_body_a" conW="1.2" conH="1" offX="0" offY="0"/>
		<collision rectId="3" boneName="GiantTree_hand_b2" conW="0" conH="0" offX="0" offY="0"/>
		<collision rectId="4" boneName="GiantTree_hand_a2" conW="0.5" conH="0.5" offX="0" offY="-100"/>
	</mons>
	<mons id="300003" name="霸王龙" monsType="5" icon="icon300003" intro="0" size="1" movieSpeed="1" resName="Trex" armName="Trex" bFilpx="1" bDrawBox="1" fBoxScX="1" fBoxScY="1" bBoxOffX="0" bBoxOffY="0" skill1="0" skill2="0" skill3="0">
		<animation actTypeId="1" aniName="Trex_hold" nextAniNm="Trex_hold"/>
		<animation actTypeId="2" aniName="Trex_move" nextAniNm="Trex_hold"/>
		<animation actTypeId="3" aniName="Trex_attack1" nextAniNm="Trex_hold"/>
		<animation actTypeId="4" aniName="Trex_attack2" nextAniNm="Trex_hold"/>
		<collision rectId="1" boneName="Trex_head" conW="1" conH="1" offX="0" offY="0"/>
		<collision rectId="2" boneName="Trex_back" conW="1" conH="1" offX="0" offY="0"/>
		<collision rectId="3" boneName="Trex_tail" conW="1" conH="1" offX="0" offY="0"/>
		<collision rectId="4" boneName="Trex_leg_a1" conW="1" conH="1" offX="0" offY="0"/>
		<collision rectId="5" boneName="Trex_leg_a2" conW="1" conH="1" offX="0" offY="0"/>
		<collision rectId="6" boneName="Trex_tail" conW="1" conH="1" offX="0" offY="0"/>
	</mons>
	<mons id="300004" name="大鸟" monsType="5" icon="icon300004" intro="0" size="1" movieSpeed="1" resName="Bigbird" armName="Bigbird" bFilpx="0" bDrawBox="1" fBoxScX="1" fBoxScY="1" bBoxOffX="0" bBoxOffY="0" skill1="0" skill2="0" skill3="0">
		<animation actTypeId="1" aniName="Bigbird_hold" nextAniNm="Bigbird_hold"/>
		<animation actTypeId="2" aniName="Bigbird_move" nextAniNm="Bigbird_hold"/>
		<animation actTypeId="3" aniName="Bigbird_attack1" nextAniNm="Bigbird_hold"/>
		<animation actTypeId="4" aniName="Bigbird_attack2" nextAniNm="Bigbird_hold"/>
		<collision rectId="1" boneName="Bigbird_head" conW="1" conH="1" offX="0" offY="0"/>
		<collision rectId="2" boneName="Bigbird_body" conW="1" conH="1" offX="0" offY="0"/>
		<collision rectId="3" boneName="Bigbird_wing_a2" conW="1" conH="1" offX="0" offY="0"/>
		<collision rectId="4" boneName="Big_bird_wing_a3" conW="1" conH="1" offX="0" offY="0"/>
		<collision rectId="5" boneName="Bigbird_wing_a4" conW="1" conH="1" offX="0" offY="0"/>
		<collision rectId="6" boneName="Bigbird_wing_b2" conW="1" conH="1" offX="0" offY="0"/>
		<collision rectId="7" boneName="Bigbird_wing_b3" conW="1" conH="1" offX="0" offY="0"/>
	</mons>
	<mons id="300005" name="丛林巨猿" monsType="5" icon="icon300005" intro="0" size="1" movieSpeed="1" resName="Kingkong" armName="Kingkong" bFilpx="0" bDrawBox="1" fBoxScX="1" fBoxScY="1" bBoxOffX="0" bBoxOffY="0" skill1="0" skill2="0" skill3="0">
		<animation actTypeId="1" aniName="Kingkong_hold" nextAniNm="Kingkong_hold"/>
		<animation actTypeId="2" aniName="Kingkong_move" nextAniNm="Kingkong_hold"/>
		<animation actTypeId="6" aniName="Kingkong_move_2" nextAniNm="Kingkong_hold_up"/>
		<animation actTypeId="3" aniName="Kingkong_attack1" nextAniNm="Kingkong_hold_up"/>
		<animation actTypeId="4" aniName="Kingkong_attack2" nextAniNm="Kingkong_hold"/>
		<animation actTypeId="5" aniName="Kingkong_attack2_up" nextAniNm="Kingkong_hold_up"/>
		<animation actTypeId="7" aniName="Kingkong_hold_up" nextAniNm="Kingkong_hold_up"/>
		<collision rectId="1" boneName="kingkong_body_b" conW="1" conH="1" offX="0" offY="0"/>
		<collision rectId="2" boneName="kingkong_hand_a1" conW="1" conH="1" offX="0" offY="0"/>
		<collision rectId="3" boneName="kingkong_hand_a2" conW="1" conH="1" offX="0" offY="0"/>
		<collision rectId="4" boneName="kingkong_hand_b2" conW="1" conH="1" offX="0" offY="0"/>
		<collision rectId="5" boneName="kingkong_leg_b2" conW="1" conH="1" offX="0" offY="0"/>
		<collision rectId="6" boneName="kingkong_leg_a1" conW="1" conH="1" offX="0" offY="0"/>
		<collision rectId="7" boneName="kingkong_leg_a2" conW="1" conH="1" offX="0" offY="0"/>
	</mons>
	<mons id="300006" name="邪恶哥布林统帅战舰" monsType="5" icon="icon300006" intro="0" size="1" movieSpeed="1" resName="Zhanjian" armName="zhanjian" bFilpx="0" bDrawBox="1" fBoxScX="1" fBoxScY="1" bBoxOffX="0" bBoxOffY="0" skill1="0" skill2="0" skill3="0">
		<animation actTypeId="1" aniName="zhanjian_hold" nextAniNm="zhanjian_hold"/>
		<animation actTypeId="3" aniName="zhanjian_attack" nextAniNm="zhanjian_hold"/>
		<collision rectId="1" boneName="zhanjian_body_a2-1" conW="1" conH="1" offX="0" offY="0"/>
		<collision rectId="2" boneName="zhanjianpao_3" conW="1" conH="1" offX="0" offY="0"/>
		<collision rectId="3" boneName="zhanjian_boli" conW="1" conH="1" offX="0" offY="0"/>
	</mons>
	<mons id="300007" name="邪恶哥布林统帅飞船" monsType="5" icon="icon300007" intro="0" size="1" movieSpeed="1" resName="Feichuan" armName="Feichuan" bFilpx="0" bDrawBox="1" fBoxScX="1" fBoxScY="1" bBoxOffX="0" bBoxOffY="0" skill1="0" skill2="0" skill3="0">
		<animation actTypeId="1" aniName="Feichuan_hold" nextAniNm="Feichuan_hold"/>
		<animation actTypeId="2" aniName="Feichuan_move" nextAniNm="Feichuan_hold"/>
		<animation actTypeId="3" aniName="Feichuan_attack" nextAniNm="Feichuan_hold"/>
		<animation actTypeId="4" aniName="Feichuan_attack2" nextAniNm="Feichuan_hold"/>
	</mons>
	<mons id="300008" name="变异食人花女王" monsType="5" icon="icon300008" intro="0" size="1" movieSpeed="1" resName="flowerqueen" armName="flowerqueen" bFilpx="1" bDrawBox="1" fBoxScX="1" fBoxScY="1" bBoxOffX="0" bBoxOffY="0" skill1="0" skill2="0" skill3="0">
		<animation actTypeId="1" aniName="flowerqueen_hold" nextAniNm="flowerqueen_hold"/>
		<animation actTypeId="3" aniName="flowerqueen_attack1" nextAniNm="flowerqueen_hold"/>
		<animation actTypeId="4" aniName="flowerqueen_attack2" nextAniNm="flowerqueen_hold"/>
		<animation actTypeId="5" aniName="flower_attack3" nextAniNm="flowerqueen_hold"/>
		<collision rectId="1" boneName="flowerqueen_huaban_a1" conW="1" conH="1" offX="0" offY="0"/>
		<collision rectId="2" boneName="flowerqueen_huaban_a0" conW="1" conH="1" offX="0" offY="0"/>
		<collision rectId="3" boneName="flowerqueen_head" conW="1" conH="1" offX="0" offY="0"/>
		<collision rectId="4" boneName="flowerqueen_bodu_a" conW="1" conH="1" offX="0" offY="0"/>
		<collision rectId="5" boneName="flowerqueen_body_b" conW="1" conH="1" offX="0" offY="0"/>
		<collision rectId="6" boneName="flowerqueen_xuxu" conW="1" conH="1" offX="0" offY="0"/>
	</mons>
	<mons id="300009" name="钻石收集者" monsType="5" icon="icon300009" intro="0" size="1" movieSpeed="1" resName="ZSR" armName="ZSR_sprite/ZSR" bFilpx="0" bDrawBox="1" fBoxScX="1" fBoxScY="1" bBoxOffX="0" bBoxOffY="0" skill1="0" skill2="0" skill3="0"/>
	<mons id="300010" name="石头怪" monsType="5" icon="icon300010" intro="0" size="1" movieSpeed="1" resName="Stone" armName="Stone_hold" bFilpx="0" bDrawBox="1" fBoxScX="1" fBoxScY="1" bBoxOffX="0" bBoxOffY="0" skill1="0" skill2="0" skill3="0">
		<animation actTypeId="1" aniName="Stone_hold" nextAniNm="Stone_hold"/>
		<animation actTypeId="2" aniName="Stone_move" nextAniNm="Stone_hold"/>
		<animation actTypeId="3" aniName="Stone_attack" nextAniNm="Stone_hold"/>
	</mons>
	<mons id="300011" name="巨型采矿机" monsType="5" icon="icon300011" intro="0" size="1" movieSpeed="1" resName="JXcaikuangji" armName="JXcaikuangji_sprite/Jxcaikuangji" bFilpx="0" bDrawBox="1" fBoxScX="1" fBoxScY="1" bBoxOffX="0" bBoxOffY="0" skill1="0" skill2="0" skill3="0">
		<animation actTypeId="1" aniName="JXcaikuangji_hold" nextAniNm="JXcaikuangji_hold"/>
		<animation actTypeId="2" aniName="JXcaikuangji_move" nextAniNm="JXcaikuangji_hold"/>
		<animation actTypeId="3" aniName="JXcaikuangji_attack1" nextAniNm="JXcaikuangji_hold"/>
		<animation actTypeId="4" aniName="JXcaikuangji_attack2" nextAniNm="JXcaikuangji_hold"/>
	</mons>
	<mons id="300012" name="恐怖女巫" monsType="5" icon="icon300012" intro="0" size="1" movieSpeed="1" resName="Kbnvwu" armName="KBnvwu_sprite/KBnvwu_hold" bFilpx="0" bDrawBox="1" fBoxScX="1" fBoxScY="1" bBoxOffX="0" bBoxOffY="0" skill1="0" skill2="0" skill3="0">
		<animation actTypeId="1" aniName="KBnvwu_hold" nextAniNm="KBnvwu_hold"/>
		<animation actTypeId="2" aniName="KBnvwu_attack1" nextAniNm="KBnvwu_hold"/>
		<animation actTypeId="3" aniName="KBnvwu_attack2" nextAniNm="KBnvwu_hold"/>
	</mons>
	<mons id="300013" name="岩石巨脸" monsType="5" icon="icon300013" intro="0" size="1" movieSpeed="1" resName="S-bird" armName="S_bird" bFilpx="0" bDrawBox="1" fBoxScX="1" fBoxScY="1" bBoxOffX="0" bBoxOffY="0" skill1="0" skill2="0" skill3="0">
		<animation actTypeId="2" aniName="S-bird_move" nextAniNm="S-bird_move"/>
	</mons>
	<mons id="300014" name="水滴怪物" monsType="5" icon="icon300014" intro="0" size="1" movieSpeed="1" resName="shuiguai" armName="shuiguai" bFilpx="0" bDrawBox="1" fBoxScX="1" fBoxScY="1" bBoxOffX="0" bBoxOffY="0" skill1="0" skill2="0" skill3="0">
		<animation actTypeId="1" aniName="shuiguai_hold" nextAniNm="shuiguai_hold"/>
		<animation actTypeId="2" aniName="shuiguai_move" nextAniNm="shuiguai_hold"/>
		<animation actTypeId="3" aniName="shuiguai_attack1" nextAniNm="shuiguai_hold"/>
		<animation actTypeId="4" aniName="shuiguai_attack2" nextAniNm="shuiguai_hold"/>
	</mons>
	<mons id="300015" name="熔岩巨兽" monsType="5" icon="icon300015" intro="0" size="1" movieSpeed="1" resName="RYjushou" armName="RYjushou_sprite/RYjushou_hold" bFilpx="0" bDrawBox="1" fBoxScX="1" fBoxScY="1" bBoxOffX="0" bBoxOffY="0" skill1="0" skill2="0" skill3="0">
		<animation actTypeId="1" aniName="RYjushou_hold" nextAniNm="RYjushou_hold"/>
		<animation actTypeId="3" aniName="RYjushou_attack1" nextAniNm="RYjushou_hold"/>
		<animation actTypeId="4" aniName="RYjushou_attack2" nextAniNm="RYjushou_hold"/>
		<animation actTypeId="5" aniName="RYjushou_attack3" nextAniNm="RYjushou_hold"/>
	</mons>
	<mons id="300016" name="沙人" monsType="5" icon="icon300016" intro="0" size="1" movieSpeed="1" resName="sharen" armName="sharen" bFilpx="0" bDrawBox="1" fBoxScX="1" fBoxScY="1" bBoxOffX="0" bBoxOffY="0" skill1="0" skill2="0" skill3="0">
		<animation actTypeId="1" aniName="sharen_hold" nextAniNm="sharen_hold"/>
        <animation actTypeId="2" aniName="sharen_move" nextAniNm="sharen_hold"/>
        <animation actTypeId="3" aniName="sharen_attack_1" nextAniNm="sharen_hold"/>
        <animation actTypeId="4" aniName="sharen_attack_2" nextAniNm="sharen_hold"/>
	</mons>
	<mons id="300017" name="巨型蚁后" monsType="5" icon="icon300017" intro="0" size="1" movieSpeed="1" resName="Q_ant" armName="Q_ant_sprite/Q_ant" bFilpx="0" bDrawBox="1" fBoxScX="1" fBoxScY="1" bBoxOffX="0" bBoxOffY="0" skill1="0" skill2="0" skill3="0">
		<animation actTypeId="1" aniName="Q_ant_hold" nextAniNm="Q_ant_hold"/>
        <animation actTypeId="3" aniName="Q_ant_attack1" nextAniNm="Q_ant_hold"/>
        <animation actTypeId="4" aniName="Q_ant_attack2" nextAniNm="Q_ant_hold"/>
	</mons>
	<mons id="300018" name="沙漠战车" monsType="5" icon="icon300018" intro="0" size="1" movieSpeed="1" resName="SMzhanche" armName="SMzhanche_sprite/SMzhanche" bFilpx="0" bDrawBox="1" fBoxScX="1" fBoxScY="1" bBoxOffX="0" bBoxOffY="0" skill1="0" skill2="0" skill3="0">
		<animation actTypeId="2" aniName="SMzhanche_move" nextAniNm="SMzhanche_move"/>
        <animation actTypeId="3" aniName="SMzhanche_attack" nextAniNm="SMzhanche_move"/>
	</mons>
	<mons id="300019" name="骷髅首领" monsType="5" icon="icon300019" intro="0" size="1" movieSpeed="1" resName="KLshouling" armName="KLshouling_sprite/KLshouling" bFilpx="0" bDrawBox="1" fBoxScX="1" fBoxScY="1" bBoxOffX="0" bBoxOffY="0" skill1="0" skill2="0" skill3="0">
		<animation actTypeId="1" aniName="KLshouling_hold" nextAniNm="KLshouling_hold"/>
        <animation actTypeId="2" aniName="KLshouling_move" nextAniNm="KLshouling_hold"/>
        <animation actTypeId="3" aniName="KLshouling_attack" nextAniNm="KLshouling_hold"/>
	</mons>
	<mons id="300020" name="法老王" monsType="5" icon="icon300020" intro="0" size="1" movieSpeed="1" resName="S-bird" armName="S_bird" bFilpx="0" bDrawBox="1" fBoxScX="1" fBoxScY="1" bBoxOffX="0" bBoxOffY="0" skill1="0" skill2="0" skill3="0">
		<animation actTypeId="2" aniName="S-bird_move" nextAniNm="S-bird_move"/>
	</mons>
	<mons id="300021" name="冰霜巨龙" monsType="5" icon="icon300021" intro="0" size="1" movieSpeed="1" resName="Icedragon" armName="Icedragon_sprite/Icedragon" bFilpx="0" bDrawBox="1" fBoxScX="1" fBoxScY="1" bBoxOffX="0" bBoxOffY="0" skill1="0" skill2="0" skill3="0">
		<animation actTypeId="1" aniName="Icedragon_hold" nextAniNm="Icedragon_hold"/>
        <animation actTypeId="2" aniName="Icedragon_move" nextAniNm="Icedragon_hold"/>
        <animation actTypeId="3" aniName="Icedragon_attack1" nextAniNm="Icedragon_hold"/>
        <animation actTypeId="4" aniName="Icedragon_attack2" nextAniNm="Icedragon_hold"/>
	</mons>
	<mons id="300022" name="科学怪人" monsType="5" icon="icon300022" intro="0" size="1" movieSpeed="1" resName="KXguairen" armName="KXguairen_sprite/KXguairen" bFilpx="0" bDrawBox="1" fBoxScX="1" fBoxScY="1" bBoxOffX="0" bBoxOffY="0" skill1="0" skill2="0" skill3="0">
		<animation actTypeId="1" aniName="KXguairen_hold" nextAniNm="KXguairen_hold"/>
        <animation actTypeId="2" aniName="KXguairen_move" nextAniNm="KXguairen_hold"/>
        <animation actTypeId="3" aniName="KXguairen_attack1" nextAniNm="KXguairen_hold"/>
        <animation actTypeId="4" aniName="KXguairen_attack2" nextAniNm="KXguairen_hold"/>
	</mons>
	<mons id="300023" name="胖瘦罪犯" monsType="5" icon="icon300023" intro="0" size="1" movieSpeed="1" resName="PSzuifan" armName="PSzuifan" bFilpx="0" bDrawBox="1" fBoxScX="1" fBoxScY="1" bBoxOffX="0" bBoxOffY="0" skill1="0" skill2="0" skill3="0">
		<animation actTypeId="1" aniName="PSzuifan_hold" nextAniNm="PSzuifan_hold"/>
        <animation actTypeId="2" aniName="PSzuifan_move" nextAniNm="PSzuifan_hold"/>
        <animation actTypeId="3" aniName="PSzuifan_attack_1" nextAniNm="PSzuifan_hold"/>
        <animation actTypeId="4" aniName="PSzuifan_attack_2" nextAniNm="PSzuifan_hold"/>
	</mons>
	<mons id="300024" name="黑暗女妖" monsType="5" icon="icon300024" intro="0" size="1" movieSpeed="1" resName="BKnvyao" armName="BKnvyao" bFilpx="0" bDrawBox="1" fBoxScX="1" fBoxScY="1" bBoxOffX="0" bBoxOffY="0" skill1="0" skill2="0" skill3="0">
		<animation actTypeId="1" aniName="BKnvyao_hold" nextAniNm="BKnvyao_hold"/>
        <animation actTypeId="3" aniName="BKnvyao_attack1" nextAniNm="BKnvyao_hold"/>
        <animation actTypeId="4" aniName="BKnvyao_attack2" nextAniNm="BKnvyao_hold"/>
	</mons>
	<mons id="300025" name="死亡公爵" monsType="5" icon="icon300025" intro="0" size="1" movieSpeed="1" resName="WLgongjue" armName="WLgongjue_sprite/WLgongjue" bFilpx="0" bDrawBox="1" fBoxScX="1" fBoxScY="1" bBoxOffX="0" bBoxOffY="0" skill1="0" skill2="0" skill3="0">
		<animation actTypeId="1" aniName="WLgongjue_hold" nextAniNm="WLgongjue_hold"/>
        <animation actTypeId="2" aniName="WLgongjue_move" nextAniNm="WLgongjue_hold"/>
        <animation actTypeId="3" aniName="WLgongjue_attack1" nextAniNm="WLgongjue_hold"/>
        <animation actTypeId="4" aniName="WLgongjue_attack2" nextAniNm="WLgongjue_hold"/>
        <animation actTypeId="5" aniName="WLgongjue_attack3" nextAniNm="WLgongjue_hold"/>
	</mons>
	<mons id="300026" name="加强版恐怖女巫" monsType="5" icon="icon300026" intro="0" size="1" movieSpeed="1" resName="S-bird" armName="S_bird" bFilpx="0" bDrawBox="1" fBoxScX="1" fBoxScY="1" bBoxOffX="0" bBoxOffY="0" skill1="0" skill2="0" skill3="0">
		<animation actTypeId="2" aniName="S-bird_move" nextAniNm="S-bird_move"/>
	</mons>
	<mons id="300027" name="加强版邪恶哥布林统帅战舰" monsType="5" icon="icon300027" intro="0" size="1" movieSpeed="1" resName="S-bird" armName="S_bird" bFilpx="0" bDrawBox="1" fBoxScX="1" fBoxScY="1" bBoxOffX="0" bBoxOffY="0" skill1="0" skill2="0" skill3="0">
		<animation actTypeId="2" aniName="S-bird_move" nextAniNm="S-bird_move"/>
	</mons>
	<mons id="300028" name="加强版邪恶哥布林统帅飞船" monsType="5" icon="icon300028" intro="0" size="1" movieSpeed="1" resName="S-bird" armName="S_bird" bFilpx="0" bDrawBox="1" fBoxScX="1" fBoxScY="1" bBoxOffX="0" bBoxOffY="0" skill1="0" skill2="0" skill3="0">
		<animation actTypeId="2" aniName="S-bird_move" nextAniNm="S-bird_move"/>
	</mons>
</Config>
